No,OWNER,ADDR,경도,위도,상태
1,홍길동,서울특별시,126.939608254272,37.5644810925977,인근좌표
2,홍길동,부산광역시,129.060670382572,35.2115305988583,인근좌표
3,홍길동,인천광역시,126.458632796252,37.4752181625719,인근좌표
4,홍길동,대전광역시,127.387475126047,36.3416757731795,인근좌표
5,홍길동,대구광역시,128.596571046326,35.8109927137076,인근좌표
6,홍길동,광주광역시,127.291776677932,37.4004581026207,인근좌표
7,홍길동,울산광역시,129.212712267684,35.5274432159646,인근좌표
8,홍길동,제주특별자치도,126.484005275436,33.4194322442091,인근좌표
