No,OWNER,ADDR,경도,위도,상태
1,홍길동,서울특별시,126.9396083,37.56448109,인근좌표
2,홍길동,부산광역시,129.0606704,35.2115306,인근좌표
3,홍길동,인천광역시,126.4586328,37.47521816,인근좌표
4,홍길동,대전광역시,127.3874751,36.34167577,인근좌표
5,홍길동,대구광역시,128.596571,35.81099271,인근좌표
6,홍길동,광주광역시,126.8087807,35.1767651,인근좌표
7,홍길동,울산광역시,129.2127123,35.52744322,인근좌표
8,홍길동,제주특별자치도,126.4840053,33.41943224,인근좌표
